Start Time (Seconds),End Time (Seconds),Duration (Seconds),Component,Energy Consumption (Joule)
0,35.599,35.599,screen medium,19.503908922
0,35.599,35.599,wifi running,0.48529411176
0,35.599,35.599,phone_scanning,18.8404688705
0.0,21611.457177,21611.457177,core 0 cpu_idle start,326.311391916
21611.457177,47.175,-21564.282177,core 0 cpu_idle,-325.599096591
0.0,47.175,47.175,core 1 cpu_idle,0.712295325
0.0,47.175,47.175,core 2 cpu_idle,0.712295325
0.0,47.175,47.175,core 3 cpu_idle,0.712295325
0.0,47.175,47.175,core 4 cpu_idle,0.712295325
0.0,47.175,47.175,core 5 cpu_idle,0.712295325
