Start Time (Seconds),End Time (Seconds),Duration (Seconds),Component,Energy Consumption (Joule)
0,35.687,35.687,screen medium,19.552122186
0,32.248,32.248,wifi radio,8.63782867248
32.248,35.687,3.439,wifi running,0.04688127336
0,35.687,35.687,phone_scanning,18.8870421242
0.0,21611.671181,21611.671181,core 0 cpu_idle start,326.314623162
21611.671181,47.077,-21564.594181,core 0 cpu_idle,-325.603807539
0.0,47.077,47.077,core 1 cpu_idle,0.710815623
0.0,47.077,47.077,core 2 cpu_idle,0.710815623
0.0,47.077,47.077,core 3 cpu_idle,0.710815623
0.0,47.077,47.077,core 4 cpu_idle,0.710815623
0.0,47.077,47.077,core 5 cpu_idle,0.710815623
