Start Time (Seconds),End Time (Seconds),Duration (Seconds),Component,Energy Consumption (Joule)
0,35.654,35.654,screen medium,19.534042212
0,35.654,35.654,wifi running,0.48604388496
0,35.654,35.654,phone_scanning,18.8695771541
0.0,47.121,47.121,core 0 cpu_idle,0.711479979
0.0,21611.487882,21611.487882,core 1 cpu_idle start,326.31185553
21611.487882,47.121,-21564.366882,core 1 cpu_idle,-325.600375551
0.0,47.121,47.121,core 2 cpu_idle,0.711479979
0.0,47.121,47.121,core 3 cpu_idle,0.711479979
0.0,47.121,47.121,core 4 cpu_idle,0.711479979
0.0,47.121,47.121,core 5 cpu_idle,0.711479979
