Start Time (Seconds),End Time (Seconds),Duration (Seconds),Component,Energy Consumption (Joule)
0,35.625,35.625,screen medium,19.51815375
0,13.147,13.147,wifi running,0.17922305928
13.147,13.428,0.281,wifi scan,0.0631573914
13.428,35.625,22.197,wifi running,0.30259483128
0,35.625,35.625,phone_scanning,18.85422915
0.0,47.105,47.105,core 0 cpu_idle,0.711238395
0.0,47.105,47.105,core 1 cpu_idle,0.711238395
0.0,21611.772763,21611.772763,core 2 cpu_idle start,326.316156949
21611.772763,47.105,-21564.667763,core 2 cpu_idle,-325.604918554
0.0,47.105,47.105,core 3 cpu_idle,0.711238395
0.0,47.105,47.105,core 4 cpu_idle,0.711238395
0.0,47.105,47.105,core 5 cpu_idle,0.711238395
