Start Time (Seconds),End Time (Seconds),Duration (Seconds),Component,Energy Consumption (Joule)
0,35.626,35.626,screen medium,19.518701628
0,35.626,35.626,wifi scan,8.0072783844
0,35.626,35.626,phone_scanning,18.8547583915
0.0,47.138,47.138,core 0 cpu_idle,0.711736662
0.0,47.138,47.138,core 1 cpu_idle,0.711736662
0.0,47.138,47.138,core 2 cpu_idle,0.711736662
0.0,47.138,47.138,core 3 cpu_idle,0.711736662
0.0,21611.504942,21611.504942,core 4 cpu_idle start,326.312113119
21611.504942,47.138,-21564.366942,core 4 cpu_idle,-325.600376457
0.0,47.138,47.138,core 5 cpu_idle,0.711736662
