Start Time (Seconds),End Time (Seconds),Duration (Seconds),Component,Energy Consumption (Joule)
0,35.616,35.616,screen medium,19.54036224
0,35.616,35.616,wifi running,0.4862011392
0,35.616,35.616,phone_scanning,18.8756822016
0.0,46.134,46.134,core 0 cpu_idle,0.69754608
0.0,46.134,46.134,core 1 cpu_idle,0.69754608
0.0,21611.705881,21611.705881,core 2 cpu_idle start,326.768992921
21611.705881,46.134,-21565.571881,core 2 cpu_idle,-326.071446841
0.0,46.134,46.134,core 3 cpu_idle,0.69754608
0.0,46.134,46.134,core 4 cpu_idle,0.69754608
0.0,46.134,46.134,core 5 cpu_idle,0.69754608
