Start Time (Seconds),End Time (Seconds),Duration (Seconds),Component,Energy Consumption (Joule)
0,35.539,35.539,screen medium,19.49811696
0,35.539,35.539,wifi running,0.4851499968
0,35.539,35.539,phone_scanning,18.8348739264
0.0,46.185,46.185,core 0 cpu_idle,0.6983172
0.0,21611.827876,21611.827876,core 1 cpu_idle start,326.770837485
21611.827876,46.185,-21565.642876,core 1 cpu_idle,-326.072520285
0.0,46.185,46.185,core 2 cpu_idle,0.6983172
0.0,46.185,46.185,core 3 cpu_idle,0.6983172
0.0,46.185,46.185,core 4 cpu_idle,0.6983172
0.0,46.185,46.185,core 5 cpu_idle,0.6983172
