Start Time (Seconds),End Time (Seconds),Duration (Seconds),Component,Energy Consumption (Joule)
0,35.584,35.584,screen medium,19.52280576
0,25.79,25.79,wifi radio,6.917620752
25.79,34.527,8.737,wifi running,0.1192705344
34.527,35.584,1.057,wifi radio,0.2835178416
0,35.584,35.584,phone_scanning,18.8587229184
0.0,46.135,46.135,core 0 cpu_idle,0.6975612
0.0,46.135,46.135,core 1 cpu_idle,0.6975612
0.0,46.135,46.135,core 2 cpu_idle,0.6975612
0.0,46.135,46.135,core 3 cpu_idle,0.6975612
0.0,21611.492858,21611.492858,core 4 cpu_idle start,326.765772013
21611.492858,46.135,-21565.357858,core 4 cpu_idle,-326.068210813
0.0,46.135,46.135,core 5 cpu_idle,0.6975612
