Start Time (Seconds),End Time (Seconds),Duration (Seconds),Component,Energy Consumption (Joule)
0,35.662,35.662,screen medium,19.56559968
0,35.662,35.662,wifi running,0.4868290944
0,35.662,35.662,phone_scanning,18.9000611712
0.0,46.097,46.097,core 0 cpu_idle,0.69698664
0.0,46.097,46.097,core 1 cpu_idle,0.69698664
0.0,21611.445148,21611.445148,core 2 cpu_idle start,326.765050638
21611.445148,46.097,-21565.348148,core 2 cpu_idle,-326.068063998
0.0,46.097,46.097,core 3 cpu_idle,0.69698664
0.0,46.097,46.097,core 4 cpu_idle,0.69698664
0.0,46.097,46.097,core 5 cpu_idle,0.69698664
