Start Time (Seconds),End Time (Seconds),Duration (Seconds),Component,Energy Consumption (Joule)
0,35.588,35.588,screen medium,19.52500032
0,35.588,35.588,wifi running,0.4858189056
0,35.588,35.588,phone_scanning,18.8608428288
0.0,21611.669047,21611.669047,core 0 cpu_idle start,326.768435991
21611.669047,47.135,-21564.534047,core 0 cpu_idle,-326.055754791
0.0,47.135,47.135,core 1 cpu_idle,0.7126812
0.0,47.135,47.135,core 2 cpu_idle,0.7126812
0.0,47.135,47.135,core 3 cpu_idle,0.7126812
0.0,47.135,47.135,core 4 cpu_idle,0.7126812
0.0,47.135,47.135,core 5 cpu_idle,0.7126812
