<experiment>
  <configHash>7e6c49e2c3a8b789c49e99ef9dbd9ef5</configHash>
  <outputDir>/home/team/kebab/dciw/Experiments/output/2019.10.19_102556/</outputDir>
  <subjects>
    <subject>
      <device>nexus5x</device>
      <path>http://10.42.0.1:8080/www.baidu.com/www.baidu.com/3/index.html</path>
      <browser>chrome</browser>
      <aggregated>0</aggregated>
    </subject>
  </subjects>
  <runsToRun>
    <run runId="2">
      <device>nexus5x</device>
      <path>http://10.42.0.1:8080/www.baidu.com/www.baidu.com/3/index.html</path>
      <browser>chrome</browser>
      <runCount>3</runCount>
    </run>
    <run runId="3">
      <device>nexus5x</device>
      <path>http://10.42.0.1:8080/www.baidu.com/www.baidu.com/3/index.html</path>
      <browser>chrome</browser>
      <runCount>4</runCount>
    </run>
    <run runId="4">
      <device>nexus5x</device>
      <path>http://10.42.0.1:8080/www.baidu.com/www.baidu.com/3/index.html</path>
      <browser>chrome</browser>
      <runCount>5</runCount>
    </run>
  </runsToRun>
  <runsDone>
    <run runId="0">
      <device>nexus5x</device>
      <path>http://10.42.0.1:8080/www.baidu.com/www.baidu.com/3/index.html</path>
      <browser>chrome</browser>
      <runCount>1</runCount>
    </run>
    <run runId="1">
      <device>nexus5x</device>
      <path>http://10.42.0.1:8080/www.baidu.com/www.baidu.com/3/index.html</path>
      <browser>chrome</browser>
      <runCount>2</runCount>
    </run>
  </runsDone>
</experiment>
