Start Time (Seconds),End Time (Seconds),Duration (Seconds),Component,Energy Consumption (Joule)
0,35.619,35.619,screen medium,19.664145711
0,32.649,32.649,wifi radio,8.81213585427
32.649,34.638,1.989,wifi running,0.02732193828
34.638,35.619,0.981,wifi radio,0.26477703063
0,35.619,35.619,phone_scanning,18.9952550852
0.0,21611.692215,21611.692215,core 0 cpu_idle start,328.811091205
21611.692215,47.099,-21564.593215,core 0 cpu_idle,-328.09450347
0.0,47.099,47.099,core 1 cpu_idle,0.7165877355
0.0,47.099,47.099,core 2 cpu_idle,0.7165877355
0.0,47.099,47.099,core 3 cpu_idle,0.7165877355
0.0,47.099,47.099,core 4 cpu_idle,0.7165877355
0.0,47.099,47.099,core 5 cpu_idle,0.7165877355
