Start Time (Seconds),End Time (Seconds),Duration (Seconds),Component,Energy Consumption (Joule)
0,35.614,35.614,screen medium,19.512127092
0,26.289,26.289,wifi running,0.35837795736
26.289,31.684,5.395,wifi scan,1.212576963
31.684,35.614,3.93,wifi running,0.0535747032
0,35.614,35.614,phone_scanning,18.8484074933
0.0,47.119,47.119,core 0 cpu_idle,0.711449781
0.0,21611.611918,21611.611918,core 1 cpu_idle start,326.31372835
21611.611918,47.119,-21564.492918,core 1 cpu_idle,-325.602278569
0.0,47.119,47.119,core 2 cpu_idle,0.711449781
0.0,47.119,47.119,core 3 cpu_idle,0.711449781
0.0,47.119,47.119,core 4 cpu_idle,0.711449781
0.0,47.119,47.119,core 5 cpu_idle,0.711449781
