Start Time (Seconds),End Time (Seconds),Duration (Seconds),Component,Energy Consumption (Joule)
0,35.467,35.467,screen medium,19.431589026
0,30.068,30.068,wifi running,0.40989419232
30.068,35.467,5.399,wifi scan,1.2134760006
0,35.467,35.467,phone_scanning,18.7706089898
0.0,46.136,46.136,core 0 cpu_idle,0.696607464
0.0,46.136,46.136,core 1 cpu_idle,0.696607464
0.0,21611.494012,21611.494012,core 2 cpu_idle start,326.311948087
21611.494012,46.136,-21565.358012,core 2 cpu_idle,-325.615340623
0.0,46.136,46.136,core 3 cpu_idle,0.696607464
0.0,46.136,46.136,core 4 cpu_idle,0.696607464
0.0,46.136,46.136,core 5 cpu_idle,0.696607464
