Start Time (Seconds),End Time (Seconds),Duration (Seconds),Component,Energy Consumption (Joule)
0,35.599,35.599,screen medium,19.503908922
0,29.625,29.625,wifi radio,7.9352417025
29.625,31.27,1.645,wifi running,0.0224250348
31.27,35.599,4.329,wifi radio,1.15954974954
0,35.599,35.599,phone_scanning,18.8404688705
0.0,46.123,46.123,core 0 cpu_idle,0.696411176999
0.0,21611.490845,21611.490845,core 1 cpu_idle start,326.311900269
21611.490845,46.123,-21565.367845,core 1 cpu_idle,-325.615489092
0.0,46.123,46.123,core 2 cpu_idle,0.696411176999
0.0,46.123,46.123,core 3 cpu_idle,0.696411176999
0.0,46.123,46.123,core 4 cpu_idle,0.696411176999
0.0,46.123,46.123,core 5 cpu_idle,0.696411176999
