Start Time (Seconds),End Time (Seconds),Duration (Seconds),Component,Energy Consumption (Joule)
0,35.627,35.627,screen medium,19.519249506
0,24.87,24.87,wifi running,0.3390338088
24.87,30.321,5.451,wifi scan,1.2251634894
30.321,35.627,5.306,wifi running,0.07233266544
0,35.627,35.627,phone_scanning,18.855287633
0.0,46.182,46.182,core 0 cpu_idle,0.697302018
0.0,46.182,46.182,core 1 cpu_idle,0.697302018
0.0,46.182,46.182,core 2 cpu_idle,0.697302018
0.0,46.182,46.182,core 3 cpu_idle,0.697302018
0.0,46.182,46.182,core 4 cpu_idle,0.697302018
0.0,21611.526868,21611.526868,core 5 cpu_idle start,326.31244418
21611.526868,46.182,-21565.344868,core 5 cpu_idle,-325.615142162
