Start Time (Seconds),End Time (Seconds),Duration (Seconds),Component,Energy Consumption (Joule)
0,35.671,35.671,screen medium,19.543356138
0,23.832,23.832,wifi running,0.32488354368
23.832,29.336,5.504,wifi scan,1.2370757376
29.336,35.671,6.335,wifi running,0.0863602404
0,35.671,35.671,phone_scanning,18.8785742599
0.0,46.096,46.096,core 0 cpu_idle,0.696003504
0.0,21611.386022,21611.386022,core 1 cpu_idle start,326.310317546
21611.386022,46.096,-21565.290022,core 1 cpu_idle,-325.614314042
0.0,46.096,46.096,core 2 cpu_idle,0.696003504
0.0,46.096,46.096,core 3 cpu_idle,0.696003504
0.0,46.096,46.096,core 4 cpu_idle,0.696003504
0.0,46.096,46.096,core 5 cpu_idle,0.696003504
