Start Time (Seconds),End Time (Seconds),Duration (Seconds),Component,Energy Consumption (Joule)
0,35.635,35.635,screen medium,19.510055595
0,35.635,35.635,wifi running,0.4854470526
0,35.635,35.635,phone_scanning,18.8464064598
0.0,47.037,47.037,core 0 cpu_idle,0.7097177745
0.0,47.037,47.037,core 1 cpu_idle,0.7097177745
0.0,47.037,47.037,core 2 cpu_idle,0.7097177745
0.0,47.037,47.037,core 3 cpu_idle,0.7097177745
0.0,21611.287838,21611.287838,core 4 cpu_idle start,326.081916544
21611.287838,47.037,-21564.250838,core 4 cpu_idle,-325.372198769
0.0,47.037,47.037,core 5 cpu_idle,0.7097177745
