Start Time (Seconds),End Time (Seconds),Duration (Seconds),Component,Energy Consumption (Joule)
0,35.657,35.657,screen medium,19.522100529
0,0.193,0.193,wifi scan,0.0433483983
0.193,35.657,35.464,wifi running,0.48311756064
0,35.657,35.657,phone_scanning,18.8580416764
0.0,21611.503222,21611.503222,core 0 cpu_idle start,326.085166365
21611.503222,46.146,-21565.357222,core 0 cpu_idle,-325.388892444
0.0,46.146,46.146,core 1 cpu_idle,0.696273921
0.0,46.146,46.146,core 2 cpu_idle,0.696273921
0.0,46.146,46.146,core 3 cpu_idle,0.696273921
0.0,46.146,46.146,core 4 cpu_idle,0.696273921
0.0,46.146,46.146,core 5 cpu_idle,0.696273921
