Start Time (Seconds),End Time (Seconds),Duration (Seconds),Component,Energy Consumption (Joule)
0,35.644,35.644,screen medium,19.514983068
0,22.742,22.742,wifi running,0.30980880792
22.742,23.173,0.431,wifi scan,0.0968039361
23.173,35.644,12.471,wifi running,0.16988943996
0,35.644,35.644,phone_scanning,18.8511663211
0.0,46.116,46.116,core 0 cpu_idle,0.695821266
0.0,21611.445873,21611.445873,core 1 cpu_idle start,326.084301055
21611.445873,46.116,-21565.329873,core 1 cpu_idle,-325.388479789
0.0,46.116,46.116,core 2 cpu_idle,0.695821266
0.0,46.116,46.116,core 3 cpu_idle,0.695821266
0.0,46.116,46.116,core 4 cpu_idle,0.695821266
0.0,46.116,46.116,core 5 cpu_idle,0.695821266
