Start Time (Seconds),End Time (Seconds),Duration (Seconds),Component,Energy Consumption (Joule)
0,35.635,35.635,screen medium,19.510055595
0,25.505,25.505,wifi radio,6.82692309495
25.505,25.683,0.178,wifi running,0.00242485128
25.683,35.635,9.952,wifi radio,2.66385174048
0,35.635,35.635,phone_scanning,18.8464064598
0.0,47.116,47.116,core 0 cpu_idle,0.710909766001
0.0,47.116,47.116,core 1 cpu_idle,0.710909766001
0.0,47.116,47.116,core 2 cpu_idle,0.710909766001
0.0,21611.476858,21611.476858,core 3 cpu_idle start,326.084768572
21611.476858,47.116,-21564.360858,core 3 cpu_idle,-325.373858806
0.0,47.116,47.116,core 4 cpu_idle,0.710909766001
0.0,47.116,47.116,core 5 cpu_idle,0.710909766001
