Start Time (Seconds),End Time (Seconds),Duration (Seconds),Component,Energy Consumption (Joule)
0,35.61,35.61,screen medium,19.49636817
0,24.073,24.073,wifi running,0.32794070148
24.073,29.497,5.424,wifi scan,1.2182472144
29.497,35.61,6.113,wifi running,0.08327593188
0,35.61,35.61,phone_scanning,18.8331846228
0.0,21611.419208,21611.419208,core 0 cpu_idle start,326.08389872
21611.419208,46.14,-21565.279208,core 0 cpu_idle,-325.38771533
0.0,46.14,46.14,core 1 cpu_idle,0.69618339
0.0,46.14,46.14,core 2 cpu_idle,0.69618339
0.0,46.14,46.14,core 3 cpu_idle,0.69618339
0.0,46.14,46.14,core 4 cpu_idle,0.69618339
0.0,46.14,46.14,core 5 cpu_idle,0.69618339
