Start Time (Seconds),End Time (Seconds),Duration (Seconds),Component,Energy Consumption (Joule)
0,35.651,35.651,screen medium,19.527870901
0,35.651,35.651,wifi running,0.48589033108
0,35.651,35.651,phone_scanning,18.8636157648
0.0,46.087,46.087,core 0 cpu_idle,0.6957063085
0.0,46.087,46.087,core 1 cpu_idle,0.6957063085
0.0,46.087,46.087,core 2 cpu_idle,0.6957063085
0.0,46.087,46.087,core 3 cpu_idle,0.6957063085
0.0,46.087,46.087,core 4 cpu_idle,0.6957063085
0.0,21611.406918,21611.406918,core 5 cpu_idle start,326.234993131
21611.406918,46.087,-21565.319918,core 5 cpu_idle,-325.539286822
