Start Time (Seconds),End Time (Seconds),Duration (Seconds),Component,Energy Consumption (Joule)
0,35.659,35.659,screen medium,19.577539839
0,35.659,35.659,wifi running,0.48712618812
0,35.659,35.659,phone_scanning,18.9115951768
0.0,47.141,47.141,core 0 cpu_idle,0.7132669005
0.0,21611.914702,21611.914702,core 1 cpu_idle start,326.999075399
21611.914702,47.141,-21564.773702,core 1 cpu_idle,-326.285808498
0.0,47.141,47.141,core 2 cpu_idle,0.7132669005
0.0,47.141,47.141,core 3 cpu_idle,0.7132669005
0.0,47.141,47.141,core 4 cpu_idle,0.7132669005
0.0,47.141,47.141,core 5 cpu_idle,0.7132669005
