Start Time (Seconds),End Time (Seconds),Duration (Seconds),Component,Energy Consumption (Joule)
0,35.623,35.623,screen medium,19.557775083
0,32.206,32.206,wifi running,0.43995586008
32.206,35.623,3.417,wifi scan,0.7696051011
0,35.623,35.623,phone_scanning,18.8925027337
0.0,47.159,47.159,core 0 cpu_idle,0.7135392495
0.0,47.159,47.159,core 1 cpu_idle,0.7135392495
0.0,47.159,47.159,core 2 cpu_idle,0.7135392495
0.0,47.159,47.159,core 3 cpu_idle,0.7135392495
0.0,47.159,47.159,core 4 cpu_idle,0.7135392495
0.0,21611.331877,21611.331877,core 5 cpu_idle start,326.990256965
21611.331877,47.159,-21564.172877,core 5 cpu_idle,-326.276717715
