Start Time (Seconds),End Time (Seconds),Duration (Seconds),Component,Energy Consumption (Joule)
0,35.566,35.566,screen medium,19.526480886
0,35.566,35.566,wifi running,0.48585574488
0,35.566,35.566,phone_scanning,18.8622730322
0.0,21611.428777,21611.428777,core 0 cpu_idle start,326.99172311
21611.428777,47.102,-21564.326777,core 0 cpu_idle,-326.279046299
0.0,47.102,47.102,core 1 cpu_idle,0.712676810999
0.0,47.102,47.102,core 2 cpu_idle,0.712676810999
0.0,47.102,47.102,core 3 cpu_idle,0.712676810999
0.0,47.102,47.102,core 4 cpu_idle,0.712676810999
0.0,47.102,47.102,core 5 cpu_idle,0.712676810999
