Start Time (Seconds),End Time (Seconds),Duration (Seconds),Component,Energy Consumption (Joule)
0,35.567,35.567,screen medium,19.527029907
0,35.567,35.567,wifi running,0.48586940556
0,35.567,35.567,phone_scanning,18.8628033779
0.0,47.123,47.123,core 0 cpu_idle,0.712994551499
0.0,47.123,47.123,core 1 cpu_idle,0.712994551499
0.0,47.123,47.123,core 2 cpu_idle,0.712994551499
0.0,47.123,47.123,core 3 cpu_idle,0.712994551499
0.0,21611.467805,21611.467805,core 4 cpu_idle start,326.992313624
21611.467805,47.123,-21564.344805,core 4 cpu_idle,-326.279319072
0.0,47.123,47.123,core 5 cpu_idle,0.712994551499
