Start Time (Seconds),End Time (Seconds),Duration (Seconds),Component,Energy Consumption (Joule)
0,35.639,35.639,screen medium,19.548454807
0,35.639,35.639,wifi running,0.48640249756
0,35.639,35.639,phone_scanning,18.8834994939
0.0,21611.535156,21611.535156,core 0 cpu_idle start,326.690771186
21611.535156,46.134,-21565.401156,core 0 cpu_idle,-325.993386575
0.0,46.134,46.134,core 1 cpu_idle,0.697384611
0.0,46.134,46.134,core 2 cpu_idle,0.697384611
0.0,46.134,46.134,core 3 cpu_idle,0.697384611
0.0,46.134,46.134,core 4 cpu_idle,0.697384611
0.0,46.134,46.134,core 5 cpu_idle,0.697384611
