Start Time (Seconds),End Time (Seconds),Duration (Seconds),Component,Energy Consumption (Joule)
0,35.628,35.628,screen medium,19.542421164
0,35.628,35.628,wifi running,0.48625236912
0,35.628,35.628,phone_scanning,18.8776710898
0.0,46.102,46.102,core 0 cpu_idle,0.696900883
0.0,21611.373832,21611.373832,core 1 cpu_idle start,326.688332531
21611.373832,46.102,-21565.271832,core 1 cpu_idle,-325.991431648
0.0,46.102,46.102,core 2 cpu_idle,0.696900883
0.0,46.102,46.102,core 3 cpu_idle,0.696900883
0.0,46.102,46.102,core 4 cpu_idle,0.696900883
0.0,46.102,46.102,core 5 cpu_idle,0.696900883
