Start Time (Seconds),End Time (Seconds),Duration (Seconds),Component,Energy Consumption (Joule)
0,35.628,35.628,screen medium,19.470025068
0,35.628,35.628,wifi running,0.48445101744
0,35.628,35.628,phone_scanning,18.8077376011
0.0,46.136,46.136,core 0 cpu_idle,0.694831228
0.0,21611.610834,21611.610834,core 1 cpu_idle start,325.481664965
21611.610834,46.136,-21565.474834,core 1 cpu_idle,-324.786833737
0.0,46.136,46.136,core 2 cpu_idle,0.694831228
0.0,46.136,46.136,core 3 cpu_idle,0.694831228
0.0,46.136,46.136,core 4 cpu_idle,0.694831228
0.0,46.136,46.136,core 5 cpu_idle,0.694831228
