Start Time (Seconds),End Time (Seconds),Duration (Seconds),Component,Energy Consumption (Joule)
0,35.592,35.592,screen medium,19.450351752
0,13.4,13.4,wifi running,0.182206232
13.4,13.659,0.259,wifi scan,0.0580642517
13.659,35.592,21.933,wifi running,0.29823352884
0,35.592,35.592,phone_scanning,18.7887334877
0.0,47.11,47.11,core 0 cpu_idle,0.709500155
0.0,47.11,47.11,core 1 cpu_idle,0.709500155
0.0,47.11,47.11,core 2 cpu_idle,0.709500155
0.0,47.11,47.11,core 3 cpu_idle,0.709500155
0.0,21611.44589,21611.44589,core 4 cpu_idle start,325.479180826
21611.44589,47.11,-21564.33589,core 4 cpu_idle,-324.769680671
0.0,47.11,47.11,core 5 cpu_idle,0.709500155
