Start Time (Seconds),End Time (Seconds),Duration (Seconds),Component,Energy Consumption (Joule)
0,35.645,35.645,screen medium,19.560799715
0,20.166,20.166,wifi running,0.27535382376
20.166,25.586,5.42,wifi scan,1.220172622
25.586,35.645,10.059,wifi running,0.13734920724
0,35.645,35.645,phone_scanning,18.8954244806
0.0,47.08,47.08,core 0 cpu_idle,0.71201438
0.0,21611.536082,21611.536082,core 1 cpu_idle start,326.842065936
21611.536082,47.08,-21564.456082,core 1 cpu_idle,-326.130051556
0.0,47.08,47.08,core 2 cpu_idle,0.71201438
0.0,47.08,47.08,core 3 cpu_idle,0.71201438
0.0,47.08,47.08,core 4 cpu_idle,0.71201438
0.0,47.08,47.08,core 5 cpu_idle,0.71201438
