Start Time (Seconds),End Time (Seconds),Duration (Seconds),Component,Energy Consumption (Joule)
0,35.621,35.621,screen medium,19.547629307
0,32.754,32.754,wifi radio,8.78759981106
32.754,35.621,2.867,wifi running,0.03914705012
0,35.621,35.621,phone_scanning,18.8827020739
0.0,21611.516905,21611.516905,core 0 cpu_idle start,326.841775913
21611.516905,46.093,-21565.423905,core 0 cpu_idle,-326.144688427
0.0,46.093,46.093,core 1 cpu_idle,0.6970874855
0.0,46.093,46.093,core 2 cpu_idle,0.6970874855
0.0,46.093,46.093,core 3 cpu_idle,0.6970874855
0.0,46.093,46.093,core 4 cpu_idle,0.6970874855
0.0,46.093,46.093,core 5 cpu_idle,0.6970874855
