Start Time (Seconds),End Time (Seconds),Duration (Seconds),Component,Energy Consumption (Joule)
0,35.605,35.605,screen medium,19.556936375
0,21.854,21.854,wifi running,0.298678618
21.854,27.363,5.509,wifi scan,1.2413567425
27.363,35.605,8.242,wifi running,0.112643414
0,35.605,35.605,phone_scanning,18.891692555
0.0,47.145,47.145,core 0 cpu_idle,0.7136574375
0.0,21611.733712,21611.733712,core 1 cpu_idle start,327.147619065
21611.733712,47.145,-21564.588712,core 1 cpu_idle,-326.433961628
0.0,47.145,47.145,core 2 cpu_idle,0.7136574375
0.0,47.145,47.145,core 3 cpu_idle,0.7136574375
0.0,47.145,47.145,core 4 cpu_idle,0.7136574375
0.0,47.145,47.145,core 5 cpu_idle,0.7136574375
