Start Time (Seconds),End Time (Seconds),Duration (Seconds),Component,Energy Consumption (Joule)
0,35.59,35.59,screen medium,19.54869725
0,25.515,25.515,wifi radio,6.85177896375
25.515,31.706,6.191,wifi running,0.084612397
31.706,35.59,3.884,wifi radio,1.043006447
0,35.59,35.59,phone_scanning,18.88373369
0.0,47.139,47.139,core 0 cpu_idle,0.7135666125
0.0,21611.772962,21611.772962,core 1 cpu_idle start,327.148213212
21611.772962,47.139,-21564.633962,core 1 cpu_idle,-326.4346466
0.0,47.139,47.139,core 2 cpu_idle,0.7135666125
0.0,47.139,47.139,core 3 cpu_idle,0.7135666125
0.0,47.139,47.139,core 4 cpu_idle,0.7135666125
0.0,47.139,47.139,core 5 cpu_idle,0.7135666125
