Start Time (Seconds),End Time (Seconds),Duration (Seconds),Component,Energy Consumption (Joule)
0,35.645,35.645,screen medium,19.578907375
0,20.108,20.108,wifi running,0.274816036
20.108,25.397,5.289,wifi scan,1.1917835925
25.397,35.645,10.248,wifi running,0.140059416
0,35.645,35.645,phone_scanning,18.912916195
0.0,47.127,47.127,core 0 cpu_idle,0.7133849625
0.0,47.127,47.127,core 1 cpu_idle,0.7133849625
0.0,47.127,47.127,core 2 cpu_idle,0.7133849625
0.0,47.127,47.127,core 3 cpu_idle,0.7133849625
0.0,21611.489115,21611.489115,core 4 cpu_idle start,327.143916478
21611.489115,47.127,-21564.362115,core 4 cpu_idle,-326.430531516
0.0,47.127,47.127,core 5 cpu_idle,0.7133849625
