Start Time (Seconds),End Time (Seconds),Duration (Seconds),Component,Energy Consumption (Joule)
0,35.646,35.646,screen medium,19.57945665
0,20.463,20.463,wifi running,0.279667821
20.463,25.945,5.482,wifi scan,1.235272765
25.945,35.646,9.701,wifi running,0.132583567
0,35.646,35.646,phone_scanning,18.913446786
0.0,46.028,46.028,core 0 cpu_idle,0.69674885
0.0,21611.367997,21611.367997,core 1 cpu_idle start,327.142083055
21611.367997,46.028,-21565.339997,core 1 cpu_idle,-326.445334205
0.0,46.028,46.028,core 2 cpu_idle,0.69674885
0.0,46.028,46.028,core 3 cpu_idle,0.69674885
0.0,46.028,46.028,core 4 cpu_idle,0.69674885
0.0,46.028,46.028,core 5 cpu_idle,0.69674885
