Start Time (Seconds),End Time (Seconds),Duration (Seconds),Component,Energy Consumption (Joule)
0,35.658,35.658,screen medium,19.58604795
0,23.669,23.669,wifi running,0.323484223
23.669,29.161,5.492,wifi scan,1.23752609
29.161,35.658,6.497,wifi running,0.088794499
0,35.658,35.658,phone_scanning,18.919813878
0.0,47.112,47.112,core 0 cpu_idle,0.7131579
0.0,21611.520286,21611.520286,core 1 cpu_idle start,327.144388329
21611.520286,47.112,-21564.408286,core 1 cpu_idle,-326.431230429
0.0,47.112,47.112,core 2 cpu_idle,0.7131579
0.0,47.112,47.112,core 3 cpu_idle,0.7131579
0.0,47.112,47.112,core 4 cpu_idle,0.7131579
0.0,47.112,47.112,core 5 cpu_idle,0.7131579
