Start Time (Seconds),End Time (Seconds),Duration (Seconds),Component,Energy Consumption (Joule)
0,35.66,35.66,screen medium,19.56903122
0,35.66,35.66,wifi running,0.4869144776
0,35.66,35.66,phone_scanning,18.9033759848
0.0,21611.391854,21611.391854,core 0 cpu_idle start,326.839884704
21611.391854,46.109,-21565.282854,core 0 cpu_idle,-326.142555242
0.0,46.109,46.109,core 1 cpu_idle,0.6973294615
0.0,46.109,46.109,core 2 cpu_idle,0.6973294615
0.0,46.109,46.109,core 3 cpu_idle,0.6973294615
0.0,46.109,46.109,core 4 cpu_idle,0.6973294615
0.0,46.109,46.109,core 5 cpu_idle,0.6973294615
