Start Time (Seconds),End Time (Seconds),Duration (Seconds),Component,Energy Consumption (Joule)
0,35.57,35.57,screen medium,19.63709433
0,35.57,35.57,wifi running,0.4886080164
0,35.57,35.57,phone_scanning,18.9691238772
0.0,46.101,46.101,core 0 cpu_idle,0.7014036645
0.0,21611.402202,21611.402202,core 1 cpu_idle start,328.806678802
21611.402202,46.101,-21565.301202,core 1 cpu_idle,-328.105275138
0.0,46.101,46.101,core 2 cpu_idle,0.7014036645
0.0,46.101,46.101,core 3 cpu_idle,0.7014036645
0.0,46.101,46.101,core 4 cpu_idle,0.7014036645
0.0,46.101,46.101,core 5 cpu_idle,0.7014036645
