Start Time (Seconds),End Time (Seconds),Duration (Seconds),Component,Energy Consumption (Joule)
0,35.628,35.628,screen medium,19.669114332
0,10.44,10.44,wifi running,0.1434092688
10.44,10.611,0.171,wifi scan,0.0387278577
10.611,35.628,25.017,wifi running,0.34364652084
0,35.628,35.628,phone_scanning,19.0000546949
0.0,46.073,46.073,core 0 cpu_idle,0.7009776585
0.0,46.073,46.073,core 1 cpu_idle,0.7009776585
0.0,21611.71302,21611.71302,core 2 cpu_idle start,328.811407743
21611.71302,46.073,-21565.64002,core 2 cpu_idle,-328.110430084
0.0,46.073,46.073,core 3 cpu_idle,0.7009776585
0.0,46.073,46.073,core 4 cpu_idle,0.7009776585
0.0,46.073,46.073,core 5 cpu_idle,0.7009776585
