Start Time (Seconds),End Time (Seconds),Duration (Seconds),Component,Energy Consumption (Joule)
0,35.572,35.572,screen medium,19.638198468
0,35.572,35.572,wifi running,0.48863548944
0,35.572,35.572,phone_scanning,18.9701904571
0.0,46.071,46.071,core 0 cpu_idle,0.7009472295
0.0,46.071,46.071,core 1 cpu_idle,0.7009472295
0.0,46.071,46.071,core 2 cpu_idle,0.7009472295
0.0,46.071,46.071,core 3 cpu_idle,0.7009472295
0.0,46.071,46.071,core 4 cpu_idle,0.7009472295
0.0,21611.314856,21611.314856,core 5 cpu_idle start,328.805349877
21611.314856,46.071,-21565.243856,core 5 cpu_idle,-328.104402647
