<experiment>
  <configHash>dff3ca2a64585f6deb7bf352e6a6dd29</configHash>
  <outputDir>/home/team/kebab/dciw/Experiments/output/2019.10.20_074526/</outputDir>
  <subjects>
    <subject>
      <device>nexus5x</device>
      <path>http://10.42.0.1:8080/www.office.com/www.office.com/0/index.html</path>
      <browser>chrome</browser>
      <aggregated>0</aggregated>
    </subject>
  </subjects>
  <runsToRun>
    <run runId="3">
      <device>nexus5x</device>
      <path>http://10.42.0.1:8080/www.office.com/www.office.com/0/index.html</path>
      <browser>chrome</browser>
      <runCount>4</runCount>
    </run>
    <run runId="4">
      <device>nexus5x</device>
      <path>http://10.42.0.1:8080/www.office.com/www.office.com/0/index.html</path>
      <browser>chrome</browser>
      <runCount>5</runCount>
    </run>
  </runsToRun>
  <runsDone>
    <run runId="0">
      <device>nexus5x</device>
      <path>http://10.42.0.1:8080/www.office.com/www.office.com/0/index.html</path>
      <browser>chrome</browser>
      <runCount>1</runCount>
    </run>
    <run runId="1">
      <device>nexus5x</device>
      <path>http://10.42.0.1:8080/www.office.com/www.office.com/0/index.html</path>
      <browser>chrome</browser>
      <runCount>2</runCount>
    </run>
    <run runId="2">
      <device>nexus5x</device>
      <path>http://10.42.0.1:8080/www.office.com/www.office.com/0/index.html</path>
      <browser>chrome</browser>
      <runCount>3</runCount>
    </run>
  </runsDone>
</experiment>
