Start Time (Seconds),End Time (Seconds),Duration (Seconds),Component,Energy Consumption (Joule)
0,35.59,35.59,screen medium,19.49445809
0,35.59,35.59,wifi running,0.4850589572
0,35.59,35.59,phone_scanning,18.8313395156
0.0,21611.991026,21611.991026,core 0 cpu_idle start,326.243810533
21611.991026,46.065,-21565.926026,core 0 cpu_idle,-325.548436325
0.0,46.065,46.065,core 1 cpu_idle,0.6953742075
0.0,46.065,46.065,core 2 cpu_idle,0.6953742075
0.0,46.065,46.065,core 3 cpu_idle,0.6953742075
0.0,46.065,46.065,core 4 cpu_idle,0.6953742075
0.0,46.065,46.065,core 5 cpu_idle,0.6953742075
