Start Time (Seconds),End Time (Seconds),Duration (Seconds),Component,Energy Consumption (Joule)
0,35.562,35.562,screen medium,19.479121062
0,20.039,20.039,wifi running,0.27311313412
20.039,25.479,5.44,wifi scan,1.222407712
25.479,35.562,10.083,wifi running,0.13742201364
0,35.562,35.562,phone_scanning,18.8165241881
0.0,47.165,47.165,core 0 cpu_idle,0.7119792575
0.0,47.165,47.165,core 1 cpu_idle,0.7119792575
0.0,47.165,47.165,core 2 cpu_idle,0.7119792575
0.0,47.165,47.165,core 3 cpu_idle,0.7119792575
0.0,47.165,47.165,core 4 cpu_idle,0.7119792575
0.0,21611.66726,21611.66726,core 5 cpu_idle start,326.238923123
21611.66726,47.165,-21564.50226,core 5 cpu_idle,-325.526943866
