Start Time (Seconds),End Time (Seconds),Duration (Seconds),Component,Energy Consumption (Joule)
0,35.594,35.594,screen medium,19.496649094
0,20.154,20.154,wifi running,0.27468047832
20.154,25.607,5.453,wifi scan,1.2253289069
25.607,35.594,9.987,wifi running,0.13611362196
0,35.594,35.594,phone_scanning,18.833455991
0.0,47.16,47.16,core 0 cpu_idle,0.71190378
0.0,21611.606071,21611.606071,core 1 cpu_idle start,326.237999445
21611.606071,47.16,-21564.446071,core 1 cpu_idle,-325.526095665
0.0,47.16,47.16,core 2 cpu_idle,0.71190378
0.0,47.16,47.16,core 3 cpu_idle,0.71190378
0.0,47.16,47.16,core 4 cpu_idle,0.71190378
0.0,47.16,47.16,core 5 cpu_idle,0.71190378
