Start Time (Seconds),End Time (Seconds),Duration (Seconds),Component,Energy Consumption (Joule)
0,35.557,35.557,screen medium,19.476382307
0,20.115,20.115,wifi running,0.2741489442
20.115,25.484,5.369,wifi scan,1.2064534937
25.484,35.557,10.073,wifi running,0.13728572284
0,35.557,35.557,phone_scanning,18.8138785939
0.0,47.149,47.149,core 0 cpu_idle,0.7117377295
0.0,21611.479562,21611.479562,core 1 cpu_idle start,326.236089728
21611.479562,47.149,-21564.330562,core 1 cpu_idle,-325.524351999
0.0,47.149,47.149,core 2 cpu_idle,0.7117377295
0.0,47.149,47.149,core 3 cpu_idle,0.7117377295
0.0,47.149,47.149,core 4 cpu_idle,0.7117377295
0.0,47.149,47.149,core 5 cpu_idle,0.7117377295
